user_id,total_posts,avg_3_month_posts
1021097140012175361,64,12.307692307692307
1384385869,174,8.428417653390742
1024605988652019712,492,56.98841698841699
1036430475735252993,79,10.455882352941178
19811450,43,2.614864864864865
3364280961,103,9.196428571428571
356447876,143,8.44488188976378
4846543712,220,14.612546125461256
731820168633044993,262,34.17391304347826
773069778600677376,9,2.1485411140583555
773920023404539904,90,14.542190305206462
1187473636506124288,5,5.0
1190943969674436609,99,35.35714285714286
2993191427,30,3.3415841584158414
1074396649194221575,26,5.342465753424658
3048197801,144,14.071661237785017
881147725,2019,242.927807486631
903802479673958400,27,2.555205047318612
1058878610893754368,25,2.9644268774703555
1060941252420612101,12,3.5526315789473686
1061445654210338816,508,59.84293193717277
1070791122694352896,10,4.30622009569378
179416232,20,1.466992665036675
18033685,311,27.30731707317073
1856017856,30,3.061224489795918
1882421736,9,1.7234042553191489
1942108482,77,23.41216216216216
20038083,58,7.62043795620438
207794625,190,16.930693069306933
209492404,236,15.850746268656716
21197327,103,10.288568257491676
2162245754,42,3.7762237762237763
2179739177,7,1.0732538330494037
2194330410,5,1.829268292682927
224745125,100,7.832898172323759
225302724,39,4.75609756097561
2265810286,317,32.02020202020202
2382682818,73,9.984802431610943
241263678,61,4.841269841269842
24310575,92,6.0
24323669,41,5.55722891566265
2464856826,32,2.537444933920705
2477608784,26,5.939086294416243
24868413,16,1.4385614385614387
24882969,101,10.694117647058823
252424446,264,30.977835723598435
254549102,144,14.4804469273743
25567061,139,15.368550368550368
25610841,71,13.229813664596275
258637499,309,42.20030349013657
2670706682,454,41.90769230769231
2688928120,23,3.035190615835777
2703703875,104,21.033707865168537
27523823,31,2.9092805005213767
2755079483,20,2.349869451697128
2763823014,68,9.935064935064936
3589086492,27,5.412026726057906
360591287,83,9.49174078780178
36066931,71,5.3338898163606006
362855860,156,20.289017341040463
367249356,52,4.521739130434782
3692834240,38,4.35114503816794
380319670,62,6.131868131868132
382446532,46,3.9884393063583814
394627956,12,2.0930232558139537
402526659,9,9.0
4052386114,54,4.438356164383562
409749711,14,2.52
41045643,60,6.235565819861432
411878809,147,15.768772348033371
423025902,19,2.6027397260273974
44396766,5,1.7509727626459144
4489183161,55,6.1952440550688355
451922189,36,4.462809917355372
4585161260,2262,171.79746835443038
46167791,7,1.135135135135135
4697260146,468,66.64556962025317
47042274,93,6.9808173477898245
470722760,4,1.338289962825279
4719644677,157,14.522096608427542
4766359572,493,48.438864628820966
4771728793,35,4.984177215189874
4817086948,107,8.84297520661157
485968944,287,32.04714640198511
4871086301,302,30.233592880978865
4927925285,71,7.967581047381546
505527026,43,26.506849315068493
51555241,229,23.183352080989874
526365472,169,13.078245915735167
537597220,21,1.7057761732851984
537922560,17,2.6243567753001713
542261907,15,1.4754098360655739
578951600,207,23.70229007633588
582754541,33,5.7894736842105265
598729965,27,1.8465045592705167
604942456,50,4.326923076923077
61626584,11,0.9401709401709403
628571175,86,9.785082174462705
631418218,105,10.535117056856187
67875087,15,2.1774193548387095
68886822,56,7.741935483870968
701551666,137,18.62537764350453
70865331,7,0.9117221418234442
718241348,45,6.269349845201238
722990373455302658,5,0.8840864440078585
72621018,21,1.7228805834092982
730119347650318336,7,1.1842105263157894
733394979503005696,193,24.396067415730336
736681405208395776,170,16.9811320754717
744313514987126784,172,14.386617100371748
746680008165457920,1,1.0
750331693752606720,308,30.562293274531424
750808666744512516,56,8.58603066439523
759676802,13,1.0934579439252337
79380848,53,3.968386023294509
809200066535661568,54,5.254054054054054
817306494576238592,41,3.9255319148936167
823971906353102848,18,2.378854625550661
828036440902795265,10,1.0192525481313703
828966279591624705,64,4.914675767918089
829074875239247873,13,1.5038560411311055
83373726,947,73.28460877042133
837785700460265472,4,0.5901639344262295
841882765440217089,139,11.487603305785123
846572997414699011,37,2.9919137466307277
8523682,20,2.02474690663667
859451167008595968,13,1.1746987951807228
864217725165604864,52,12.64864864864865
874340522076381185,10,1.4657980456026058
880811187713306626,5,4.0540540540540535
881675294284886016,7,3.058252427184466
883578924831318017,191,28.65
88947530,30,3.169014084507042
890706307958718464,50,4.245283018867924
892013516000968705,82,6.206896551724138
893889200407273472,67,7.5
894390108522246144,120,11.764705882352942
905309762958577664,42,8.571428571428571
905602141464797184,79,6.810344827586207
908035109047201792,16,3.2071269487750556
961113877,78,7.2746113989637315
968771628,721,72.1
969874120795181056,113,10.935483870967742
970515072,284,24.52975047984645
981193782,154,14.887218045112782
982319046761697280,36,3.336766220391349
982512734,48,6.008344923504868
992222939104907264,50,6.512301013024602
99304836,238,18.545454545454543
996215822896025600,283,33.82470119521912
1240224294,160,11.851851851851851
14070570,111,9.920556107249256
20388326,505,24.278846153846153
214106023,64,7.309644670050761
2262023108,441,20.385208012326657
2337011862,235,32.438650306748464
2373715690,155,13.596491228070175
2511452736,266,12.91958985429034
257615883,186,15.882352941176471
273530476,159,16.99524940617577
317170086,214,19.107142857142858
343666742,620,40.70021881838075
356543852,216,15.89533932951758
403622519,68,8.105960264900661
441244971,36,3.537117903930131
457443435,16,5.454545454545455
4927487615,75,10.465116279069766
708469576007155716,41,4.855263157894737
713018140116955136,87,6.80278019113814
727521006399578113,316,18.160919540229887
731997628637036544,30,2.8095733610822062
754887483645722626,816,91.00371747211896
761060195283767296,711,45.7398141529664
774770779,381,19.27487352445194
843213445029920768,749,63.714555765595456
879406905822773248,139,16.591511936339522
892839787866062848,34,4.650455927051672
896876750323535873,505,37.07177814029364
9045182,22,1.2571428571428571
914960396590764032,858,67.0894874022589
919269108700667906,193,18.303477344573235
92651257,206,10.931603773584905
930515472004669440,26,2.638105975197294
934118311108988928,1,1.0
990648833100132352,153,18.07086614173228
1000103801041305601,20,3.2846715328467155
100029772,95,6.674473067915692
1000764393670479872,72,8.9875173370319
1000964117551726592,49,5.856573705179282
1002017773105577984,65,6.435643564356436
100227232,232,10.205278592375366
1002277631717531649,9,2.142857142857143
1002677643085479941,126,15.449591280653951
1003277679905460225,130,20.242214532871973
1003788162764701697,39,8.087557603686637
1004886831446413312,19,2.5036603221083458
1005312191040557056,10,5.113636363636364
1005693833261305856,22,2.4719101123595504
1005879434291830784,5,5.0
1006508196,157,8.219895287958115
1006703442650390528,246,25.448275862068968
1006850840856948736,29,3.4986595174262733
1007630340,20,3.757828810020877
1008080294715355136,82,8.013029315960912
1008494066533879809,4,4.0
100851722,25,3.251445086705202
1008573686884884480,42,4.167585446527013
1008637508652032000,191,20.661057692307693
100866330,320,18.414322250639387
1009425880668692480,140,36.31123919308357
1009453331637563392,14,1.4189189189189189
1010173058147991552,225,27.327935222672068
1010678628915597312,51,5.470798569725864
1011138365138358273,312,36.8988173455979
1011226928517402624,798,78.66374589266155
101155529,214,29.67642526964561
1011598351752720385,107,11.903584672435105
1012076399992213505,88,9.295774647887324
1012847489685188608,78,16.674584323040378
1013746340961058816,97,24.385474860335194
1013926610326650880,149,16.137184115523468
1014249154514685955,59,6.2989323843416365
1014487873184296960,181,18.810623556581987
1014762181210935297,114,14.912790697674417
1014992874163855363,7,3.1979695431472077
1015183683672829952,92,27.236842105263158
1017368518365507589,122,16.242603550295858
1018490428872675328,281,48.63461538461539
1018511101053448192,269,65.78804347826087
1018822808,12,1.1416490486257929
1019205855143694338,65,11.818181818181818
1019951314288238593,169,17.604166666666668
1019958100424642560,80,10.746268656716417
1019971857527685120,65,6.83411214953271
102034166,25,2.3834745762711864
1020400847841349632,1,1.0
1021260416133943296,5,3.7815126050420167
1021588003054137344,15,1.5789473684210527
1022436491258150912,57,6.50190114068441
102245788,39,2.5306416726748377
1022883424170852352,29,4.071762870514821
1023257798275162112,91,12.260479041916167
1023294878,63,3.506493506493507
1023700957685854208,56,8.88888888888889
1023706804818272256,32,4.507042253521127
1023975411062067203,83,9.210850801479655
1024278218180841472,101,12.572614107883817
1024913078050320384,114,11.958041958041958
1025237315130667008,40,4.205607476635514
1027042686874705921,27,4.41016333938294
1027062823510130688,83,9.12087912087912
1027795056428761088,10,1.1583011583011584
1027835904596094976,10,1.1435832274459976
102827137,171,22.766272189349113
1028784558,11,0.8148148148148148
1029038778609033216,2,2.0
1029128317088292864,88,10.012642225031605
1029273152,31,1.7591424968474147
1029420694692671488,21,4.598540145985401
1029438251281600512,12,3.185840707964602
1030278840793280514,46,5.098522167487685
1031300291235332097,12,2.014925373134328
1031906749832482816,64,9.536423841059602
1032292462457323520,3,0.989010989010989
1033469210717024260,2,0.5042016806722689
1033525135234363392,154,17.906976744186046
1033912329212182528,35,4.002541296060992
1035032230714736640,53,5.802919708029197
1035521814640963584,126,15.449591280653951
1036796202896044032,190,20.43010752688172
1037438163235549189,48,5.752330226364847
1037498479495598080,396,42.63157894736842
1037700280635322370,45,5.0310559006211175
103833280,40,4.301075268817204
1038517554036322305,52,23.283582089552237
1038885994735562752,14,1.6688741721854303
1038994977093611520,207,28.486238532110093
1039120661178998785,38,5.022026431718062
1039358230835515392,75,12.78409090909091
1040379187348090880,84,10.8
1040419257589411842,199,38.59913793103448
1040846460,11,0.6317804722399489
1040990119262478337,56,6.9325997248968365
1041248045369909248,66,8.25
1041347737923403777,11,5.43956043956044
1041710673795833856,18,2.6470588235294117
1042249269955227648,68,9.698890649762282
1042509987279454208,27,5.170212765957447
104309454,38,1.656174334140436
1044316913256607744,38,4.206642066420664
1045661697292218370,30,4.272151898734177
1045794921402306565,53,9.0
1046027213374611456,116,12.952853598014888
1046380297535787008,29,5.137795275590551
1046540554790670336,69,9.794952681388013
1046770439262019584,37,4.840116279069767
1047479935,350,16.431924882629108
1047515410805866498,80,9.03387703889586
104761311,88,6.45476772616137
1048280319193960448,232,41.42857142857143
1048786323774066688,89,10.766129032258064
104928731,548,43.22524101665206
1049658445,176,10.476190476190476
1049674075390599169,194,23.722826086956523
1049800354823467008,35,4.5
1050882705230127105,282,31.567164179104477
1051241296797544449,11,2.4146341463414633
1051338273459560448,85,10.835694050991503
1051532021284175872,195,22.413793103448278
1052266727185272832,23,4.5394736842105265
1052372060851318785,581,69.62716378162449
1052506086270472194,9,1.3344316309719935
1053598724667203584,197,22.218045112781954
1053896952,4,1.1076923076923078
1054123858960113664,2,0.34615384615384615
10543592,268,26.710963455149503
1054718696285978624,49,5.603557814485388
1055217730507456513,19,3.126142595978062
1056729889536118784,694,81.01167315175097
105676987,50,3.1802120141342756
1058106914,76,14.584221748400852
1058334908555251713,116,13.299363057324841
1058386557823082497,37,4.4399999999999995
1058775596124266498,3,3.0
1059868818770743296,6,1.8493150684931507
1059870907047596032,114,16.337579617834393
105993860,40,3.9691289966923926
1060180073192538112,13,2.8125000000000004
1061298113384611840,23,5.1879699248120295
1061515062,27,2.6970033296337403
1061791490555297792,11,1.3655172413793104
1062228824,10,2.25
1189300194975764480,3,3.0
1189323715885989888,6,6.0
1189552174843531265,134,29.85148514851485
1189872582838902785,65,13.9618138424821
1190237868007944193,120,26.34146341463415
1190351869090111491,75,24.280575539568343
1190506791970455552,232,49.36170212765957
1191323827822878721,45,13.86986301369863
1191452175739736064,11,2.8448275862068964
1191749641085145094,34,30.599999999999998
1191801063705210880,305,65.66985645933013
1192223772046176261,44,26.577181208053695
1192540729,49,3.328301886792453
1194315056,29,1.930473372781065
1194437694451048449,40,40.0
1194650590996922368,39,22.792207792207794
1195020686605135879,31,18.7248322147651
1195730506807152640,25,6.838905775075988
1197254536345333763,126,28.636363636363633
1199114976889360384,592,133.2
119945969,16,2.88
1199871332055339008,178,42.047244094488185
1200799939359580164,63,27.93103448275862
1201263283828928512,50,26.315789473684212
1202156809286385664,7,4.666666666666667
1202428471189921792,164,50.89655172413793
1203033714,53,6.814285714285714
1203067660994527232,68,16.767123287671232
1203636299648978945,36,11.1340206185567
1203657755762077697,51,14.299065420560748
1203824216296087552,35,9.025787965616045
1204394450576822272,159,41.72011661807581
1204947986,35,2.9971455756422456
1205366102,51,6.0
1205637828299935746,9,7.043478260869565
1205697992,181,10.136901057871812
1205886568965320707,104,35.725190839694655
1205970198957830144,25,9.453781512605042
1206346177211518977,42,14.052044609665428
1206598313920872449,8,2.6277372262773726
1206693677898305536,38,9.553072625698324
1207933337047666689,199,52.52199413489736
1208812177227993094,39,10.05730659025788
120938389,25,1.593484419263456
1209620136,58,6.72680412371134
1209715351375810561,18,5.5290102389078495
1210047202330107904,13,4.5
1210558314171502593,161,42.244897959183675
1211063175069650944,119,35.0
1211076195799842817,15,3.8681948424068766
1212601219,43,7.834008097165992
1212726629459316736,16,9.23076923076923
1212816991217569793,51,30.599999999999998
1213077878213996544,433,110.08474576271188
1214170406061395968,71,18.101983002832863
1214201374537158657,14,5.43103448275862
1214262561035571201,27,20.08264462809917
121697707,33,2.8919182083739043
1217002682692653056,46,12.897196261682243
1217536821292302336,48,44.53608247422681
1217597566998786051,84,84.0
1217912159663017984,19,19.0
1218065194661957633,19,14.615384615384615
1218403540785225728,24,7.686832740213523
121852118,163,9.185973700688791
1219424036477919233,13,13.0
1219757513324630016,46,16.108949416342412
122057922,7,1.3263157894736843
1220641557528756224,22,11.314285714285715
1221681338148745216,1010,272.1556886227545
1222040626042109952,6,4.153846153846154
1222604822794440704,3,3.0
1222893920473862146,40,11.076923076923077
1223156155540803584,21,6.385135135135135
122321176,173,9.356971153846155
1223350536738689029,31,13.478260869565219
1223575997708210176,19,5.606557377049181
1223733092453580800,19,7.0954356846473035
1224361378552713216,8,8.0
1224793339561750528,21,6.3
1225103419389677568,146,60.00000000000001
1225548684756168705,49,13.738317757009344
122563996,16,4.556962025316456
1226620881935511553,122,85.78125
1227023206688731136,7,2.1
1227339800606277637,21,7.620967741935484
1231062983129927682,389,127.77372262773723
1231124003085045760,24,9.642857142857142
123148733,41,2.2976338729763386
1231571078570487809,516,154.79999999999998
1231582591800745985,3,2.2314049586776856
123161937,68,9.147982062780269
1231711005522223105,302,88.82352941176471
1231806676950405121,57,20.357142857142858
1231869523906531330,25,7.731958762886598
1232053140771364864,57,16.81967213114754
1232102912769380353,333,137.4770642201835
1232475223,22,1.3235294117647058
1233720395779407873,331,109.52205882352942
1234698633381056512,4,2.7906976744186047
1234905884955938824,307,95.60553633217992
123729170,116,6.757281553398058
1237312873619001344,24,10.536585365853659
1237412359649574920,13,11.037735849056604
1238085448867753990,6,6.0
1238609292695134208,61,19.891304347826086
1238798560755408898,158,56.88
1238867904805945347,29,11.548672566371682
1239029308355514368,34,14.433962264150942
1239142224056717312,917,285.57093425605535
1240061779381633024,13,6.324324324324325
1240662514012000256,317,194.08163265306123
1241477558174191621,14,4.790874524714829
1241489609248452608,77,26.551724137931036
1241714068861390849,154,77.86516853932584
1241776005338943488,87,27.964285714285715
1242149563,25,2.5655644241733184
1242434281340878849,61,22.22672064777328
124263510,31,3.3135391923990496
1242967401895006211,7,5.25
124306018,105,6.5670604586518415
1243523447474384896,21,7.132075471698113
1244093284919603201,23,9.078947368421053
1244423758036811777,25,8.893280632411068
1245051856415408133,23,11.5
1245500808101273600,113,42.02479338842975
1245530019314589696,256,93.27935222672065
1245989176643850240,110,56.89655172413793
1246589382129115136,8,3.364485981308411
1246829323274895361,261,87.97752808988764
1247453425366978560,14,9.692307692307692
1247896497154215941,201,79.3421052631579
1248367960835710976,34,12.592592592592592
1248967612270329861,25,10.368663594470046
1249210413327224837,24,12.342857142857143
1249235200636104707,181,62.41379310344828
1249650669943955457,3,3.0
1250361259809288192,1155,415.8
1250618176984866817,18,10.18867924528302
1250735595434868736,23,22.5
1250830178831515650,34,13.189655172413792
1251218183723327488,12,6.625766871165644
1252605204052291585,100,56.962025316455694
1252792326,83,5.671981776765376
1252872659961933825,258,92.50996015936255
1253981710800359425,18,18.0
1254371161338757122,156,61.85022026431718
1254383871694647297,26,19.024390243902438
1255409800927641601,44,26.756756756756758
1255976829418115072,70,46.666666666666664
1255994124886511616,258,95.95041322314049
1257132823389130753,84,33.90134529147982
1257356373672763397,9,4.709302325581395
1257774983910232064,24,10.588235294117647
1258160097559224323,125,71.20253164556962
1258483736,209,20.096153846153847
1259693774604611589,44,25.548387096774192
1260243492682506240,67,27.788018433179726
1260253321945849857,102,98.70967741935483
1260688018714869760,5,5.0
1260974358,77,4.890613973182781
1261330682741231626,37,17.526315789473685
1261691920084058116,443,184.58333333333334
1261746828762103809,8,3.582089552238806
1262094255616667651,31,17.116564417177916
1262188304407113730,20,12.32876712328767
1262998934357716993,9,4.6022727272727275
1263529518943424524,24,12.781065088757396
1263751875712688131,14,6.631578947368421
1265184950,7,2.94392523364486
1266005731,7,1.1688311688311688
126616846,7,0.5691056910569106
1266871140120748033,31,14.53125
1267569659894738944,66,55.0
1269222292955041792,159,73.76288659793815
1270051707947569155,424,194.69387755102042
1270343971,18,1.4835164835164836
1270451295183405057,172,92.6946107784431
1270454766515236882,2,2.0
1270715000,158,10.509977827050998
1270846950,22,1.3496932515337423
1271274794,14,3.6627906976744184
1271901775885451270,40,19.565217391304348
1272610444805582850,112,52.774869109947645
1272683074220888070,29,13.736842105263158
127303878,95,5.15992757996379
1273065936,57,5.731843575418995
1274140132107403264,210,100.0
1274149950,63,9.072
1275244822023061504,23,15.56390977443609
1275502880565481472,110,54.395604395604394
1277026547564773376,13,13.0
1277974095389315079,203,104.4
1278348917000847364,198,198.0
1278595998181240832,3,3.0
1278737737617637380,18,9.818181818181818
1278746864641286144,11,9.25233644859813
1278887060464717824,160,92.9032258064516
1279277901440004099,341,187.1341463414634
1279611957633409024,227,131.80645161290323
1279973552012353536,19,19.0
1280696527468539908,43,24.339622641509436
1280916203066851329,133,73.43558282208589
1281115201,229,17.570332480818415
1281662276,111,6.478599221789883
1281677171380101122,15,11.946902654867257
1281894704573890562,159,94.7682119205298
1282132199387672576,136,72.0
1282507623959420929,4,4.0
1284523843,248,12.077922077922077
1285394733058142209,2,2.0
1286149674555015168,15,15.0
1287025006950703104,23,14.577464788732394
1287115860260290560,80,50.0
1287460438557560834,53,34.07142857142857
1288325417502375936,92,57.5
1288864159283777537,43,25.629139072847682
1289452899458674689,74,46.57342657342657
1289896753546788864,15,12.053571428571429
129019135,21,2.2743682310469318
1290246621154942976,185,116.43356643356644
1290752966060912640,16,10.212765957446809
1291104920322609154,16,16.0
129129239,96,8.421052631578947
1291305801521549312,122,75.20547945205479
1292294474173947912,35,23.684210526315788
1292719807066861568,155,100.35971223021582
1293942750505828353,59,39.62686567164179
1294597868880265221,20,14.173228346456693
1295056292,196,12.082191780821919
1296079321321410560,24,19.636363636363633
1296365397139046401,15,10.97560975609756
1297630314,185,21.764705882352942
1298031172765720576,6,6.0
1299065179024642048,30,21.774193548387096
1299769598,354,35.4
1299813377280217088,21,17.830188679245282
1300216943782359042,14,14.0
1301556831656046593,64,64.0
1301729126,26,1.638655462184874
1302507752271556608,24,18.782608695652176
1303237101438238720,51,44.56310679611651
1303653575701204992,12,12.0
1304608724728918017,20,16.51376146788991
1304918580,502,37.46268656716418
1304964218,9,0.7479224376731302
1306436648,176,20.152671755725194
1306935580714991616,90,90.0
1307408959,433,29.455782312925173
1308787900687945728,6,6.0
1308956023374270464,130,124.46808510638297
1309171393,221,16.813186813186814
1309403056761569280,21,20.76923076923077
1311280034,60,3.976435935198822
1311774890853380098,44,44.0
131230031,125,6.514186450492183
1312520636435136513,58,58.0
1313537720992641027,14,14.0
1313868869358952449,2,2.0
1313994246,38,2.4324324324324325
1314169703993049089,526,526.0
1314853351,477,20.08890968647637
1315750620,59,3.308411214953271
1317860380077510656,23,23.0
1318371917456441353,71,71.0
1318502870962991106,54,54.0
1318845052102193152,88,88.0
1318902829701058562,46,46.0
1318948699611987972,50,50.0
1319541853558132738,34,34.0
1321064280754581506,21,21.0
1323237388211023872,6,6.0
1325981091358912512,20,20.0
1327286130,115,5.435924369747899
1327476632039387137,190,190.0
1330474488,124,12.25027442371021
1330694638747971587,19,19.0
1331107090996240384,212,212.0
1331826740,15,1.7693315858453473
1333502325017763842,72,72.0
1335304430,135,6.603260869565218
13375622,191,23.97489539748954
1339506489006972928,15,15.0
133976541,160,18.437900128040976
1340795809,17,1.4352720450281424
134215715,186,12.156862745098039
134327244,8,1.3114754098360657
1344889524,26,14.716981132075473
1345777824,135,9.087509349289453
134847283,36,3.8709677419354835
135474558,62,6.526315789473684
1355864288,100,7.887817703768625
1356041072,71,5.195121951219512
1356720895,451,21.487559555320278
136039846,34,3.677884615384616
1361140639,51,6.219512195121951
136219736,157,14.04572564612326
1367096058,80,8.622754491017963
1379102665,92,7.419354838709677
138237747,326,25.89585172109444
1384684099,6,0.6006674082313682
138535826,81,4.360047846889952
1387159034,136,8.1491344873502
138730872,160,12.65377855887522
139142263,105,4.8189699133095365
13966982,76,7.763904653802497
1398467496,51,4.0017436791630345
139972715,51,4.076376554174067
1401669068,39,1.9456762749445677
1406394096,31,8.454545454545455
14065803,124,9.587628865979381
1409966714,71,22.659574468085108
1410894296,13,1.7130307467057102
14110743,5,0.9090909090909091
141301731,44,3.1884057971014492
141331600,346,27.17277486910995
14173015,16,1.4090019569471623
14175549,258,13.796791443850267
1419053035,15,1.0922330097087378
14210530,152,7.737556561085972
1421552508,742,77.92298716452743
142399156,38,2.8055783429040195
14249287,37,3.4329896907216493
14251629,78,9.696132596685082
14277865,714,33.69690613529103
1429808808,124,10.238532110091743
14309662,38,5.066666666666666
1438937863,40,4.316546762589928
1440107509,647,28.225884634028116
14470939,88,7.027506654835848
1450310059,87,7.822177822177823
1450637762,57,5.985997666277713
14540732,28,1.842105263157895
14568788,50,15.100671140939598
1457565246,96,9.57871396895787
14594204,603,33.07129798903107
1461310393,35,2.817531305903399
146404387,112,5.269210663878725
1466279167,1072,59.62917181705809
1466437609,27,2.941888619854722
1467374635,36,2.1485411140583555
1468409142,47,4.12280701754386
1468564261,89,26.52317880794702
1469283037,13,1.7620481927710843
1469497842,105,11.73913043478261
147028143,59,7.244201909959073
14737588,44,2.3769507803121246
147523871,1,1.0
14752831,101,5.407495538370018
1477949059,3,0.5708245243128964
1486275684,297,28.772874058127016
14896176,94,5.987261146496816
1491962994,31,3.875
1493623748,31,3.935119887165021
1496024508,224,22.600896860986545
149606187,27,2.9454545454545458
150518837,107,7.529319781078969
15056488,5,0.49180327868852464
150754713,173,7.467625899280575
15137295,98,4.396809571286142
151498176,87,5.94081942336874
1516951,450,21.327014218009477
1517592720,460,21.528861154446176
1518024697,59,2.8320000000000003
1521956090,45,4.254201680672269
1522235215,9,0.7465437788018433
152411566,201,17.34419942473634
152650164,16,5.236363636363636
1528496599,14,1.3938053097345133
1528540831,7,7.0
152876179,30,4.011887072808321
15287751,13,0.5474964904071128
152883896,191,11.406768414067685
1531920566,2,2.0
153202948,471,25.67534827377347
1535553198,85,7.830092118730808
1536378960,11,1.4022662889518414
15389764,14,1.3003095975232197
15407104,371,45.80246913580247
15418207,833,44.15194346289753
154973097,1975,114.67741935483872
1551273402,64,4.531864673485445
155138868,80,9.536423841059602
1551943387,167,7.215554488718195
1557008971,17,2.185714285714286
15636369,9,1.1141678129298487
1563976308,187,13.26241134751773
1566664903,32,2.141263940520446
1568088608,5,1.076555023923445
182900961,408,16.97642163661581
15702055,357,15.127118644067796
157525526,980,42.16061185468451
157717105,1,1.0
15781919,193,15.776566757493189
15811630,570,25.80482897384306
1581222114,104,5.0676773145641585
158183799,6,1.529745042492918
1582556936,212,36.76300578034682
1583387088,17,1.1943793911007026
158878252,19,1.6132075471698113
1591361816,74,10.16793893129771
1591800534,146,15.000000000000002
1594324339,42,25.369127516778526
159476313,15,6.136363636363636
15949500,169,12.539159109645507
159558398,234,10.744897959183673
1596076220,18,1.569767441860465
1596272227,347,51.2807881773399
18471349,23,2.4701670644391407
159895276,22,1.5980629539951572
160213446,65,3.6335403726708075
1602225858,40,2.834645669291339
1605518196,22,1.5942028985507246
16055414,60,3.2200357781753133
1608491822,254,15.60409556313993
161162927,810,47.24562540505509
1614333372,698,33.185419968304274
161605065,58,2.422273781902552
1618581044,35,6.969026548672566
162167280,29,2.357723577235772
162587120,53,3.040152963671128
16352751,1605,83.40069284064666
1636420472,3,1.7647058823529411
1636689816,108,5.519591141396933
1641680689,56,4.658040665434381
1641790267,27,2.4545454545454546
16421713,8,0.6824644549763034
16438662,207,10.869311551925321
16440247,660,38.59649122807017
164739860,111,6.713709677419354
164768649,13,1.1890243902439024
1647793116,501,47.714285714285715
16481591,44,6.523887973640857
1648193976,32,4.675324675324676
165553472,104,7.566693613581245
1656195414,7,0.5590062111801243
16564058,197,19.634551495016613
1658704914,50,5.487804878048781
165994883,106,6.135048231511254
1666561500,55,2.8913551401869158
166667615,9,0.47093023255813954
16675448,67,9.836867862969005
16683497,502,27.906114885731935
166978813,49,4.156456173421301
167187745,787,35.2037773359841
167283308,166,7.946808510638298
16775250,78,6.470046082949309
1677569143,27,1.796008869179601
167934558,85,5.083056478405316
167986888,10,1.2295081967213115
1680124832,342,18.531005418422637
1684632427,15,3.571428571428571
1685099244,28,2.1283783783783785
16867664,279,15.862286797220468
16878276,47,4.912891986062718
1689445586,111,12.840616966580978
1695309060,34,2.0105124835742445
1696643696,301,12.541666666666666
1696943286,37,5.076219512195122
16969551,42,2.05658324265506
1699692337,4,0.4017857142857143
1702343468,22,2.942050520059435
1707164089,89,10.362225097024579
17143243,565,25.24826216484608
17176830,152,14.837310195227767
172017241,229,28.427586206896553
172240451,42,5.108108108108109
1727858184,59,4.345335515548282
173111183,2829,134.71428571428572
1731437587,133,14.777777777777779
1732530055,52,5.324232081911262
17327417,163,16.670454545454543
1733664373,287,14.552112676056339
173367742,3,3.0
17346786,17,2.6020408163265305
17356930,97,6.109167249825052
173648320,480,23.452768729641697
17398855,23,4.190283400809717
174071546,57,3.296915167095116
17421082,83,11.13263785394933
174374538,19,2.667706708268331
174461368,69,6.291793313069909
17468042,78,4.6490066225165565
174923553,99,5.1953352769679295
175070965,16,1.5859030837004406
175332975,10,1.8181818181818181
175463843,30,3.1914893617021276
175491628,12,0.7747489239598279
1755514050,247,12.820069204152249
17656165,106,10.95292766934558
176989097,39,1.8551797040169133
177492191,67,5.294117647058823
177507438,129,6.555618294748729
177962184,98,5.6976744186046515
178138786,55,4.910714285714286
17824785,25,2.1572387344199426
178434460,82,6.827012025901943
178867226,33,1.890515595162317
180688327,31,2.059040590405904
181278883,8,1.3043478260869565
18142845,88,4.45694991558807
181572311,1263,172.75075987841944
182592569,117,10.364173228346456
18280907,36,1.7354043920728441
18311141,72,6.467065868263473
1831158764,504,22.522343594836148
1832042732,44,2.5271218889597957
183826047,41,3.6643495531281034
18392132,251,17.566096423017107
184737141,219,11.767164179104478
1848428946,115,16.248037676609105
184973798,25,2.0623281393217234
185008554,24,1.0810810810810811
185019348,50,5.528255528255529
185178713,177,10.822010869565219
185429764,40,4.488778054862843
18567416,82,16.584269662921347
18573621,747,34.512320328542096
1858933962,337,31.300309597523217
1859405485,95,6.286764705882353
18598008,210,15.684647302904564
18613636,32,5.3731343283582085
186190364,2,1.4754098360655736
1862057935,164,8.154696132596685
1867301857,30,6.716417910447761
1868104632,62,6.206896551724138
1869306330,427,32.706382978723404
1869545143,511,47.36354273944387
187300433,122,7.667597765363128
187764386,11,1.9721115537848606
1880160211,37,2.7452596867271226
18815266,16,3.1101511879049673
1885105814,524,31.545150501672243
188775035,4,4.0
18894457,55,5.172413793103448
189042047,8,1.8604651162790697
1894218187,182,8.873239436619718
190492340,93,9.21806167400881
1905625189,3,1.0384615384615385
1907510780,27,1.8479087452471483
191419760,2822,151.72043010752688
1914997322,8,6.050420168067227
191566403,127,12.728285077951002
19160145,184,8.748019017432647
19200264,172,12.964824120603014
1921178473,79,3.9521956642579212
192477291,16,1.161290322580645
1926310586,45,3.820754716981132
192656464,113,6.205003050640634
1927071128,28,3.28125
19283254,40,3.15512708150745
19301813,681,32.42857142857143
19349293,95,8.532934131736527
193752832,6,1.125
194508565,180,8.177688036345279
1948408909,46,2.657252888318357
1950709728,7,1.2233009708737863
195246056,93,9.905325443786982
1953192330,237,12.265669925244392
1954360910,1509,82.6094890510949
195487360,4,0.5365126676602087
1955397608,18,1.0201511335012594
1956923100,119,5.552099533437014
19615011,75,6.980351602895554
196322372,26,3.305084745762712
196615962,248,18.58451290591174
19665765,484,33.8988326848249
196679747,154,7.3959445037353255
19731757,36,4.5251396648044695
197885978,160,9.523809523809524
19801144,117,11.648230088495575
198199690,24,6.315789473684211
19824360,53,2.6588628762541804
198380977,179,15.84070796460177
198419080,260,15.304120340091565
19870596,5,0.8035714285714286
19946352,41,2.2707692307692304
20014516,145,6.078248719142991
200628851,219,9.65703086722195
20097108,27,1.647457627118644
20133572,36,3.2432432432432434
201968307,173,10.506072874493928
20253485,15,1.7352185089974295
202951147,172,21.529902642559108
203672502,158,7.452830188679245
20371098,126,12.813559322033898
20421361,37,2.452135493372607
204317623,59,7.7745241581259155
20448508,15,2.854122621564482
204507823,59,3.8091822094691534
205001181,46,2.354948805460751
20536785,220,12.043795620437956
205410319,23,2.804878048780488
206377381,77,11.159420289855072
206914740,92,10.10989010989011
20729774,1,1.0
20747698,238,10.428432327166504
208153959,75,3.7458379578246395
20841332,138,13.032528856243442
208457235,9,0.7142857142857143
208685959,198,24.51169188445667
209328677,18,2.361516034985423
20944959,31,3.229166666666667
21011559,106,8.720292504570384
210837394,252,11.345672836418208
21091639,119,5.897577092511013
210956314,10,1.490066225165563
211248745,78,5.437645236250968
212577390,107,6.476126429051782
21288878,41,3.132427843803056
214805795,417,24.85430463576159
2148686335,159,17.623152709359605
2151858433,8,0.6045340050377834
215349619,546,24.656297039638734
215395208,12,2.6535626535626538
2154500717,39,5.441860465116279
2155877156,97,7.864864864864865
21576649,14,0.7355516637478108
216042190,34,1.633742658836092
21605693,1140,49.85422740524781
216068278,85,6.6870629370629375
216076901,10,1.1435832274459976
216240054,130,9.94052676295667
2163754391,184,12.460496613995485
2164846670,90,7.105263157894737
2169211112,17,2.401883830455259
2172054907,3,0.3117782909930716
2173586012,32,3.5467980295566504
2176285235,8,2.2641509433962264
2176318886,22,2.2680412371134024
2176396892,14,1.0570469798657718
217669434,30,11.790393013100438
2177416516,66,3.0809128630705396
21777589,141,9.441964285714285
2178146601,108,14.31516936671576
2178799824,46,5.726141078838174
2178990231,17,1.1778290993071594
2179058990,466,20.329617062530296
2179849477,22,2.9289940828402368
21814322,17,1.8912237330037083
21852291,14,0.8653846153846154
218607977,42,7.8099173553719
2186895650,281,13.331576172904585
2187447380,11,3.322147651006712
2189551524,50,6.016042780748663
2189753922,16,0.8318890814558059
2190552716,268,18.68319132455461
2192692559,82,4.377224199288256
2193358436,189,17.943037974683545
219403033,28,4.285714285714286
2194997045,37,2.9679144385026737
2195838241,39,3.097969991173875
2196307595,69,4.037711313394018
2196916214,24,1.7183770883054892
21977758,16,1.2307692307692308
219847298,89,8.309128630705395
2200011295,125,8.693972179289027
2200474724,7,0.6461538461538461
22028259,45,2.5360050093926114
220612634,127,11.956066945606695
220763290,27,4.919028340080971
2208216158,41,5.783699059561129
22115265,118,10.803662258392675
22115793,14,1.1623616236162362
2214161030,57,5.119760479041917
2218719508,26,2.3950870010235414
22190703,66,8.016194331983806
222083657,25,1.5264586160108549
2221026720,195,13.66822429906542
222266683,17,3.893129770992367
2223364794,78,10.493273542600896
222432604,46,2.917547568710359
2225683430,10,0.7246376811594203
2228385572,23,3.7163375224416515
223056140,27,1.9224683544303798
223081733,100,10.033444816053512
22333958,603,38.46208362863218
2236359012,1,1.0
2236692139,77,4.64166108506363
2236795046,32,3.1475409836065578
2237458437,53,4.8872950819672125
224130628,11,0.6416072585871678
2241906138,26,1.3348545350827152
2243720766,35,2.032258064516129
2248306556,38,3.4268537074148298
2248395358,564,30.124629080118694
2249589158,18,1.5225563909774436
22637929,5,0.696594427244582
22644848,59,3.3063511830635117
22669007,127,6.079787234042553
2267643181,56,3.13627878033603
2267832368,225,39.55078125
22680861,63,5.149863760217984
2272356870,17,1.6703056768558953
227257766,59,8.033282904689864
2276759073,66,4.699367088607595
22794400,221,28.82608695652174
2280347235,283,14.165739710789767
228203929,185,19.337979094076655
2282689873,62,7.982832618025751
228644480,46,4.294605809128631
22869272,68,3.0538922155688626
2288344196,10,3.829787234042553
22887301,65,8.3810888252149
2291429838,20,1.9672131147540985
2292044777,19,2.489082969432314
22936293,4,3.75
22965436,93,7.407079646017699
2300562000,33,2.233082706766917
2300882494,32,2.17687074829932
230190627,26,2.4248704663212437
2303374578,93,12.778625954198473
2305622660,319,15.385852090032154
2306464127,104,5.810055865921788
2306635885,27,2.1390845070422535
23087752,9,2.2752808988764044
2309026962,308,25.13145965548504
231156770,241,25.250291036088477
2312880636,210,11.276849642004773
231556077,468,29.851169383416018
2316606384,10,0.8219178082191781
23188486,16,0.993103448275862
2320270178,55,6.56498673740053
2320610412,2,1.25
232100978,99,13.813953488372093
2321590832,13,1.9338842975206612
2322897354,94,4.991150442477877
2323104290,66,5.92814371257485
2332626853,33,3.7311557788944723
2334249992,43,4.43298969072165
233464434,63,7.745901639344263
2337538554,44,5.26595744680851
2339782512,65,4.795081967213115
2345526085,128,12.535364526659412
234762661,64,9.1283676703645
2352242922,45,3.0382595648912227
235254285,214,10.17970401691332
235376549,15,1.000741289844329
23540236,126,14.651162790697676
2355664389,46,5.348837209302326
2357208710,102,5.880845611787316
2359787060,35,4.906542056074766
2360089604,41,2.5273972602739727
2360435373,253,25.670800450958286
2362243157,78,5.602553870710295
2363188861,117,5.5333683657383075
236619797,16,2.039660056657224
2367254744,5,0.29702970297029707
23690484,117,13.11332503113325
2369190480,41,4.511002444987775
236960631,121,9.766816143497758
2369650259,6,2.5837320574162677
2370891079,11,1.4798206278026906
2371001778,80,7.2507552870090635
2371253882,70,7.11864406779661
2373153734,55,6.530343007915567
237459349,92,10.767230169050716
2375003193,12,1.4099216710182767
237507581,73,5.548986486486487
2378429275,16,1.6763678696158324
2379146273,31,1.749216300940439
237961766,2398,100.66231343283582
2379738354,18,2.3109843081312413
2379908211,378,56.79465776293823
2382504613,35,2.34375
2383447879,1021,65.44871794871796
23842118,211,18.05133079847909
2384447125,204,10.082372322899506
23856013,157,9.964739069111424
2386241200,93,7.407079646017699
2386417040,54,3.060453400503778
2389764483,168,7.741935483870968
2390043919,94,11.604938271604938
2390472812,204,19.827213822894166
239169041,83,9.443742098609354
2393329202,104,10.140845070422534
239393704,28,1.9641465315666407
2395426440,55,3.4279778393351803
239649694,76,4.240545567265964
23974741,30,1.6991818753933292
2402224224,35,2.746294681778553
240443314,191,27.592295345104333
2404884026,323,21.59732540861813
2405146831,9,0.7736389684813754
240727337,71,4.844579226686884
2407364398,4,3.0508474576271185
2407808469,9,1.1688311688311688
24085769,82,10.151306740027511
24133451,67,7.353658536585367
2414316339,8,1.1726384364820848
2415230906,9,1.4835164835164836
2415254218,160,8.591885441527445
2417228227,173,20.116279069767444
241843576,204,25.678321678321677
241970866,12,2.3946784922394677
2420944195,5,0.31013094417643
2421645481,33,3.030612244897959
242428202,539,26.537199124726477
2424365942,9,1.6735537190082643
24252158,372,20.885839051777918
2426743740,89,8.754098360655739
2427952998,287,18.622927180966112
2428584668,78,4.3146896127842655
2429936205,116,7.209944751381216
2430239216,8,0.6266318537859007
2431212990,14,9.767441860465116
243171375,9,0.9926470588235294
24322455,176,17.10583153347732
2433214891,15,1.622596153846154
2441920559,156,8.519417475728156
2443059715,11,1.436865021770682
244321574,70,6.781485468245425
2443865632,10,6.164383561643835
244564384,1139,65.50159744408946
2451874196,13,2.280701754385965
245343735,3,0.5720338983050848
2458261600,221,22.14922048997773
2458274629,10,1.089588377723971
24600579,110,7.02625975869411
2460207601,99,5.466257668711656
2462102864,266,19.368932038834952
2465511205,53,4.180543382997371
2469019604,37,3.9315230224321134
2469149491,3,0.8035714285714286
2469288146,25,1.362810417928528
24694884,223,20.47959183673469
2470147507,126,12.154340836012862
2471497028,19,1.563071297989031
247182000,187,10.017857142857142
2477668334,353,18.809946714031973
247955043,18,1.5547024952015356
2480319290,304,15.099337748344372
248222648,108,5.848375451263538
2484135226,49,3.6029411764705883
2487698315,804,46.32522407170295
24911997,8,0.8780487804878049
2494465918,4,0.26825633383010433
24945622,11,0.6354300385109115
2496956598,36,3.1364956437560503
2497308018,154,10.358744394618833
2499229763,564,40.73836276083467
25019613,558,33.84097035040432
2502494419,338,26.0
25028867,73,5.558375634517767
250350863,2,2.0
2504497440,10,1.5358361774744027
25056488,112,14.441260744985673
250762777,30,3.121387283236994
2508988265,196,13.144560357675111
250964031,116,6.464396284829722
2511388321,78,8.94267515923567
25129607,1627,124.94027303754267
251478824,41,2.5016949152542374
251509742,17,1.3246753246753247
25184934,13,1.3541666666666667
2518988401,65,10.617059891107079
2520983706,16,1.779975278121137
2521829508,60,13.170731707317074
252431672,101,11.805194805194805
2524624077,5,1.991150442477876
2526077268,22,1.332436069986541
2527620980,8,0.7817589576547231
2529004681,62,3.609314359637775
253379796,99,7.363636363636363
253467403,137,5.93644679826673
2535916412,18,6.403162055335969
253638189,585,44.58086367485182
2536525933,6,0.47957371225577267
2543347799,27,1.5225563909774436
2546038383,545,26.272094268880558
254719294,59,3.998493975903614
255412741,126,8.880187940485513
2555590716,319,14.205838693715982
2557244006,39,5.342465753424658
2561432306,4,0.75
2563792416,124,7.903682719546743
2565924854,70,3.917910447761194
2567836859,95,9.223300970873785
256809489,189,10.461254612546126
2570943944,33,3.2890365448504983
257094677,47,2.572992700729927
2571476275,355,42.828418230562995
2571843746,473,22.813504823151124
257197012,59,4.934944237918216
2572347861,61,7.05655526992288
2572955473,126,11.328671328671328
257358874,242,15.805515239477502
2580756900,69,4.327526132404181
2581616599,1372,84.51745379876796
2584852033,70,9.224011713030746
2587641541,67,7.256317689530687
2588018491,194,9.312000000000001
2590061059,241,23.247588424437296
2590162042,67,11.551724137931036
2591757907,21,1.696588868940754
259426351,290,17.114754098360656
25952278,60,8.503937007874017
2597393071,72,4.682080924855491
2598826952,47,3.9385474860335195
2600780803,22,2.294322132097335
2602421666,653,41.53356890459364
2603326132,331,30.030241935483872
2605775413,46,2.8125
260606499,5,1.2893982808022924
2610870403,69,12.321428571428573
26114330,14,3.5694050991501416
2611847060,21,2.603305785123967
261270721,4,4.0
261922571,603,52.536302032913845
262846850,35,2.3755656108597285
262930765,36,9.70059880239521
263013435,35,3.0791788856304985
263330999,58,7.321178120617111
2638615131,25,2.281947261663286
263893380,120,11.650485436893202
2639575060,136,8.176352705410823
2642961058,40,5.042016806722689
264366740,102,10.954653937947493
2643959130,21,3.727810650887574
264547297,209,10.048076923076923
26474384,88,3.7009345794392523
264958959,74,3.284023668639053
2650378452,9,9.0
2652151586,221,11.811163895486935
26525071,92,3.980769230769231
265765654,84,3.6311239193083575
265839375,4,0.3991130820399113
26601993,99,5.483076923076923
2663096957,30,6.683168316831683
2674178879,19,2.5675675675675675
267462917,154,11.35135135135135
268062243,92,14.081632653061225
268268528,2142,97.75862068965517
268478941,77,6.562500000000001
2689952317,44,2.1153846153846154
26903950,143,7.206047032474804
2690991930,54,4.6241674595623214
26921518,2,1.1111111111111112
270460099,203,34.733840304182515
2711614761,27,3.4322033898305087
271599507,346,35.54794520547946
2718199390,11,1.5492957746478875
2718241163,74,4.070904645476773
2721095793,9,1.6804979253112033
27253366,369,28.481989708404804
2725792984,89,6.317034700315458
2726999140,76,8.231046931407944
272708128,170,9.659090909090908
2728811578,84,10.92485549132948
2730153695,109,13.132530120481926
27302503,31,4.26605504587156
273050244,199,16.386093321134492
273098314,25,2.1634615384615383
2732877047,90,10.671936758893281
27367009,164,8.770053475935828
27370107,411,42.51724137931035
2737505758,102,21.70212765957447
2737599097,45,45.0
28638257,119,17.879799666110184
2864292256,1038,57.41856177012907
2865539306,52,4.539282250242483
2865764429,53,2.906764168190128
2866423990,642,31.43634385201306
2866551555,29,4.694244604316546
2867541249,32,2.7272727272727275
2870842216,14,2.7510917030567685
287120680,16,1.7142857142857142
287498912,149,8.068592057761734
2875017565,32,3.2989690721649487
2876721502,86,13.626760563380282
2877553757,91,7.690140845070422
2878721167,18,4.723032069970846
2879988884,121,8.629160063391442
2880883521,18,8.663101604278074
2881392526,599,33.36014851485149
2882176961,101,6.179469748470428
2882187824,44,7.888446215139442
2883861684,97,8.075855689176688
2884708645,394,18.891848694725628
2889123468,48,48.0
2889626079,399,27.370426829268293
2890245090,177,10.384615384615385
2893655368,76,5.441527446300716
2895005000,166,8.412162162162161
2895554433,258,15.1171875
2897146518,44,3.8709677419354835
2898004670,33,3.7642585551330794
28987337,11,0.9482758620689655
2899299292,39,3.6715481171548117
2899978899,45,5.307994757536042
2901048097,64,4.380228136882129
2902772848,778,88.52085967130215
2903201920,51,3.4799090219863533
2904814125,1207,67.59800871188551
2906394326,22,2.1019108280254777
2912121446,65,5.625
291236199,1400,145.66473988439307
291405440,371,36.89502762430939
291734467,40,5.209840810419681
2921360403,11,1.5045592705167175
2921468372,264,28.085106382978722
2927749664,73,8.3587786259542
2929649453,140,48.648648648648646
292967549,1,1.0
2932550475,8,2.5992779783393503
2934369247,300,23.275862068965516
293538857,538,27.464549064095294
2936065085,526,37.811501597444085
294066064,31,1.7372353673723535
294269531,116,15.74660633484163
2943193984,175,10.514018691588785
29447432,87,3.9766378872524126
294487322,47,12.55192878338279
2946160941,431,30.591482649842273
294953168,7,1.5365853658536586
2951468307,8,6.857142857142857
29530539,5,1.0817307692307694
2958992329,497,48.885245901639344
295902680,72,3.0798479087452475
2959342991,29,2.671443193449335
2959651947,472,37.5929203539823
2960576608,65,3.0628272251308903
2962387757,89,5.821220930232558
29629608,78,3.880597014925373
296545757,45,2.698201199200533
2971585607,682,36.820635872825434
2974247021,139,12.857142857142856
2975340930,583,59.355203619909496
2975983103,99,8.68421052631579
2979647836,82,5.107266435986158
2980554797,106,5.294117647058823
298354826,15,15.0
2985842312,118,6.058185966913862
2986491675,6,0.30439684329199546
298895591,40,5.042016806722689
2989972833,3,0.8307692307692307
2990610126,44,3.413793103448276
2994384196,41,3.1565440547476475
2994887507,23,2.691807542262679
2997898507,15,1.2943432406519655
3000662025,88,4.782608695652175
300111118,350,18.485915492957748
3005574512,176,20.491591203104786
30063545,261,11.452949780594832
3007363950,1308,54.55050973123262
3007922469,4,0.42755344418052255
301027141,110,10.691144708423325
3013193563,28,3.761194029850746
3013440714,23,1.1708144796380089
3013859849,28,5.4427645788336925
3014331255,2,2.0
3017103508,63,4.321646341463414
3017659716,40,3.330249768732655
3021554286,10,1.5025041736227045
302230188,204,10.92207019631172
302234549,1,1.0
30229746,70,4.925723221266614
3027218243,131,5.616960457360648
3027528395,452,42.419186652763294
3029415293,1117,72.42795389048992
303073418,63,6.156351791530945
3031245040,181,7.927007299270073
303343926,6,0.9591474245115453
30361670,31,3.2254335260115607
3038654780,130,14.942528735632186
3038767841,68,5.687732342007435
303998741,65,4.326923076923077
3044305732,135,31.723237597911226
3044859462,331,16.945392491467576
30459657,89,5.520330806340454
3047687094,171,7.633928571428572
305037702,86,9.170616113744076
305056580,115,12.857142857142858
305232195,115,11.386138613861387
3056177975,40,4.918032786885246
305807349,120,12.272727272727272
30585298,66,3.9363817097415508
3058988672,220,13.324360699865409
306270116,145,8.120721841941506
306430612,8,1.0682492581602374
306447801,182,17.11598746081505
3068035868,59,5.803278688524591
3068927647,58,5.102639296187683
3074936545,404,18.986945169712794
307616945,30,3.935860058309038
307674192,212,14.964705882352941
3078726232,1178,73.42105263157895
307883924,62,5.699693564862104
3080998517,1001,62.693110647181626
308586153,3,0.7049608355091384
3086620288,150,13.622603430877902
3090466207,13,2.0562390158172232
3091475111,84,10.356164383561644
3091864427,380,19.010561423012785
3092233730,220,24.56575682382134
3092483373,62,5.23943661971831
309335755,9,0.9902200488997556
3094349155,42,3.181818181818182
3095588269,47,2.997873848334515
3095640923,196,9.988674971687429
3095801076,96,10.397111913357401
309683158,8,1.1428571428571428
3096975145,7,2.703862660944206
30995176,55,6.249999999999999
31027867,11,1.1498257839721255
3103307417,598,38.525411596277735
3103921050,41,7.365269461077845
310399129,58,6.28158844765343
310613758,306,15.131868131868133
31113945,63,3.6392811296534022
311258826,1239,80.74583635047067
3115784915,32,3.246899661781285
3116163955,16,1.1076923076923078
311627878,25,1.8518518518518519
31171370,27,1.7557803468208093
3121396916,106,5.479609419873635
31229872,12,1.4614343707713127
31274460,15,3.2066508313539193
3130115956,100,6.081081081081082
313084393,10,1.0192525481313703
31338536,104,6.50904033379694
313802934,5,0.5590062111801242
3138875367,195,8.5693359375
3139210238,62,6.0983606557377055
3140782512,91,6.489698890649763
3142153745,110,12.484237074401008
3146092059,320,39.94452149791956
3147275873,3366,289.61759082217975
3147567180,378,36.58064516129032
314891338,2,1.8556701030927836
31607841,230,14.536516853932584
3161490379,487,23.58988159311087
3161751084,18,4.4021739130434785
3164444845,15,2.402135231316726
316762601,133,16.694560669456067
31698536,93,12.759146341463415
3171471906,11,0.9024612579762991
3172371804,121,5.248192771084337
3176701496,60,4.724409448818898
3177514856,100,6.574141709276844
3178070223,11,0.7153179190751445
3179562878,1,1.0
3182015373,7,0.564516129032258
3182720616,22,2.8045325779036827
3186302868,144,6.425384234010907
318647766,124,6.115068493150685
3188054564,1564,82.3157894736842
3188454543,4,3.3962264150943393
3188994810,135,8.127090301003344
3189152094,394,27.19325153374233
319189933,45,2.725437415881561
3192597413,33,3.166311300639659
3196072404,171,7.9207411219763255
319823126,12,1.2053571428571428
320212347,62,5.682281059063136
32110457,59,3.3757151938970122
321179742,210,18.881118881118883
32124007,1,1.0
3212860373,93,4.601429356789445
32156169,26,1.558960692871419
321751047,111,11.921241050119331
3218794920,16,2.267716535433071
3219664258,7,4.598540145985401
3220775678,1305,59.02010050251256
3221745023,22,1.497730711043873
3222715343,23,1.6286388670338316
3223579182,6,1.0953346855983772
3228336531,228,15.906976744186046
3228442454,483,22.122137404580155
3229366844,4,1.0843373493975903
3234486314,5,1.1627906976744187
3234775951,709,40.85147247119078
3236219971,1,1.0
32369005,11,3.8223938223938223
3237674562,454,21.607615018508724
3239686851,145,15.895249695493302
3239911756,73,7.802850356294536
32401693,25,2.1823472356935016
324553836,270,12.911795961742827
3247540358,12,1.0821643286573146
3247945678,13,2.665148063781321
3248303911,66,7.815789473684211
32497528,28,3.1539424280350437
3254218506,250,13.686131386861314
32551195,14,1.8129496402877698
3255170189,552,44.396782841823054
3255758347,31,3.6186770428015564
3260462546,296,63.5799522673031
3260918311,38,3.3761105626850934
32635845,77,9.719495091164095
32678760,48,7.854545454545455
3268169658,17,3.91304347826087
32681832,6,1.7940199335548173
3269154656,1485,187.71067415730337
3269333400,46,3.3603896103896105
3273621097,63,7.519893899204243
327442777,96,6.184681460272011
328264070,8,0.4855023600809171
328295635,113,9.540337711069418
328633277,28,2.695187165775401
32865149,154,32.459016393442624
328681350,17,1.2510220768601799
32886832,7,0.42225201072386054
3290107211,263,11.591576885406464
3290696859,165,12.801724137931034
3291937997,28,2.2459893048128343
3292079830,171,21.256906077348066
32932451,14,0.8187134502923976
3293639769,33,2.282859338970023
329394867,214,22.42142025611176
3293986291,64,3.3217993079584778
3294948416,19,1.0660847880299251
3295019012,274,31.696658097686377
3296788987,74,5.045454545454546
3298536781,3,1.3499999999999999
3298709743,18,1.6265060240963856
3298749072,56,3.357761492338441
3300028207,37,4.593103448275862
3300736342,37,2.933920704845815
33010966,53,5.162337662337662
3301103643,26,8.863636363636365
3302185178,63,6.532258064516129
3304221309,82,6.949152542372881
33044293,85,7.846153846153846
3305120914,234,28.61413043478261
3305225952,16,2.796116504854369
3308419694,47,4.912891986062718
3309156235,11,1.2073170731707317
3311901404,88,9.9
3313501837,8,1.5824175824175826
331739158,48,5.461441213653602
3318475402,629,34.81549815498155
331926598,37,2.756622516556291
33217691,60,3.6437246963562755
3321850663,14,0.8213820078226858
3322118263,20,1.7595307917888563
3325495978,30,1.7566688353936237
3325567263,55,2.6176626123744047
3326460612,54,4.270650263620387
3327232035,14,5.121951219512195
3329789741,207,22.31137724550898
33340241,183,14.758064516129032
3337118152,4,1.168831168831169
3337585053,24,1.3374613003095976
3340126754,110,9.528392685274301
33416332,17,2.188841201716738
334327826,89,12.437888198757763
3350648033,98,4.565217391304349
335108895,37,3.27755905511811
335163112,63,4.837883959044369
335600436,96,6.371681415929204
3357174604,70,3.370786516853933
3359226189,146,17.221494102228046
336091986,26,1.812548412083656
336271751,385,40.76470588235294
336540093,9,1.1554921540656207
3366400617,29,3.2624999999999997
3367561319,23,4.451612903225806
336820293,83,10.873362445414847
3368729973,43,4.363021420518602
336958598,263,20.799648506151144
3372606359,87,7.400756143667296
3375367271,187,23.02325581395349
3378901510,35,3.5
3384066389,19,2.0260663507109005
3396193390,39,3.706441393875396
339714864,58,5.448851774530271
3399605067,56,2.6794258373205744
34006062,121,8.231292517006803
34032363,19,1.676470588235294
3403737345,61,3.345521023765996
3404588474,14,1.7096336499321576
340582241,61,19.963636363636365
3410611093,27,3.123393316195373
3410661605,69,4.9168646080760094
3412537511,68,7.149532710280374
3419327369,15,2.2425249169435215
3420590794,418,33.20388349514563
3424431743,15,0.9297520661157025
342492329,145,11.972477064220184
34268703,82,8.338983050847457
342760764,10,1.3677811550151977
3429305717,252,17.5
3436249474,949,79.01017576318223
3436834395,57,3.2905708787684413
3437836990,113,9.9901768172888
3439876276,109,43.026315789473685
34420511,90,4.633867276887872
344710675,13,1.1448140900195694
3458070809,725,37.1371656232214
34587284,8,0.8866995073891626
34621886,120,6.057206954570948
34626533,28,1.7154526889040163
346750848,329,24.61346633416459
3467742074,62,3.937896965419901
34691711,28,1.928079571537873
34704201,359,17.989977728285076
3473629813,17,1.0759493670886076
347442570,38,2.561797752808989
347571071,50,6.114130434782609
34792387,439,24.693749999999998
3481786395,14,1.8584070796460177
348310866,109,5.773984696880518
34836144,467,20.46251217137293
348574188,37,4.263764404609475
3487231397,64,4.4894777864380355
349146441,32,3.0605738575982997
3491730913,42,4.9411764705882355
34919908,10,2.452316076294278
349609929,125,5.35459305092813
35012030,163,19.353562005277045
350228706,4,1.6363636363636362
35041247,111,4.6207215541165585
350589726,6,0.5726405090137858
351498933,74,5.252365930599369
35151484,51,3.9913043478260866
352010469,165,13.414634146341463
352385481,21,2.047670639219935
35251412,40,2.6392961876832843
3529358299,58,3.085106382978723
35356183,238,10.530973451327434
353861956,22,1.9584569732937687
3552652212,418,21.50943396226415
355772701,61,2.998361551064992
35600640,56,25.97938144329897
356076533,96,10.236966824644549
35613185,157,9.028753993610223
3982102888,161,37.931937172774866
3988387276,26,3.140939597315436
398869640,37,2.268392370572207
3993157036,1,1.0
399681920,59,2.762747138397503
400048071,119,11.018518518518517
401075161,10,1.3452914798206277
401181813,19,1.3857374392220423
4017660740,64,8.158640226628895
40232924,7,1.0015898251192368
4031339052,18,2.385861561119293
40414952,139,12.204878048780488
404394285,186,16.790371113340022
404440214,95,4.822335025380711
404564990,45,5.982274741506647
404979223,103,6.1635638297872335
4051714158,137,12.171767028627837
40519314,68,4.285714285714286
4053839173,198,21.78484107579462
405719755,20,1.5319148936170213
405836820,6,0.4564666103127642
405855000,124,7.9942693409742125
40633435,17,3.2142857142857144
406590901,605,60.43285238623751
406892268,64,7.291139240506329
407227674,37,2.404332129963899
407295148,24,2.132280355380059
407333825,69,9.132352941176471
4076292998,52,5.894206549118388
40831281,7,4.632352941176471
4083667216,44,3.488986784140969
4092215200,56,3.255813953488372
409354252,1176,57.272727272727266
40968432,4,3.364485981308411
411220008,116,10.019193857965451
4113798281,377,19.98233215547703
4116471538,1012,49.63487738419619
412112702,9,6.230769230769231
4124370680,857,61.95180722891566
412710863,138,8.6731843575419
413280672,41,2.5465838509316767
414110498,46,2.658959537572254
4145965574,202,14.708737864077671
4169521217,5,3.040540540540541
41739345,22,3.1230283911671926
41835044,114,6.547543075941289
418442640,445,22.12707182320442
4190979617,34,3.677884615384616
4191131,101,4.719626168224299
4191224386,570,27.506702412868634
42023686,595,65.94827586206897
420516208,7,7.0
422107899,44,3.7429111531190924
4221723353,70,8.333333333333332
422819170,20,1.7029328287606436
423834493,72,4.039900249376559
4239563631,19,2.3849372384937237
42445830,118,7.678958785249457
4245248561,5,0.8302583025830258
424684388,7,1.1130742049469964
424715216,38,2.0153211549793757
424738270,23,1.6761133603238867
42513130,85,5.799848369977256
42540289,65,6.344902386117138
425590530,18,2.0610687022900764
42561371,6,0.8809135399673736
426350745,7,1.9325153374233128
426369164,36,4.396200814111262
4267007723,43,2.853982300884956
427021258,165,23.684210526315788
4273358233,437,21.65748898678414
4276480398,111,5.492028587135788
429464561,26,1.5019255455712452
42959748,268,28.817204301075268
4297407509,49,4.546391752577319
429827794,1032,53.75
430056346,24,1.8636755823986195
43047860,71,3.9615623062616248
430994670,318,15.997764114030186
431047852,373,15.643056849953402
43283867,95,10.130331753554502
433570924,253,19.41176470588235
434547397,81,5.4200743494423795
43497743,14,2.94392523364486
4356169936,154,11.836037574722459
43585418,36,2.905829596412556
43643544,37,2.3384831460674156
437025754,3,1.1688311688311688
437385419,59,16.238532110091743
438300188,225,13.209393346379647
43960608,56,2.654028436018957
44002893,512,27.217956290608388
440461049,32,2.9387755102040813
4416390078,45,3.5309503051438536
442232821,81,4.43700547778454
4430311420,193,21.658354114713216
444121641,139,14.21590909090909
4445307862,20,2.586206896551724
4463131899,75,6.937307297019527
446456998,41,2.5222146274777852
4472729489,406,21.170336037079956
4481531120,80,12.040133779264213
448210373,37,5.123076923076923
448356091,30,2.954048140043764
449143582,4,0.48128342245989303
449280435,85,4.2171995589856675
450225506,60,5.738575982996812
450236439,18,2.084942084942085
45048948,277,21.716027874564457
451510746,495,24.722530521642618
452637673,41,3.3637192342752966
452646742,51,3.302158273381295
452723438,112,7.048951048951049
4529967197,63,12.572062084257206
4534516740,33,4.323144104803493
4535935455,202,16.990654205607477
454114847,53,4.671890303623898
4547111935,188,20.09501187648456
45508486,357,16.03293413173653
455317968,3,3.0
4553487144,6,1.0207939508506616
456097327,46,4.946236559139785
456840664,47,6.095100864553314
456993442,7,0.9516616314199396
457198707,780,41.73602853745541
45739537,24,1.4723926380368098
457824626,200,11.780104712041885
458408564,26,1.7205882352941178
459237624,3,0.8108108108108107
461490680,59,4.976569821930647
4621392795,32,4.096728307254623
462367406,14,1.2011439466158247
462677595,14,1.097560975609756
463682019,105,10.161290322580644
46372472,54,3.8087774294670846
4647077663,303,31.272935779816518
4647780354,11,0.7148014440433212
46510645,99,6.4799999999999995
465195901,80,3.562592775853538
4655886732,208,12.674339878131347
46641144,163,9.786524349566378
46719793,35,2.8688524590163937
46744794,30,3.585657370517928
4674543793,323,16.507666098807498
4674942488,39,2.4875974486180015
467586819,2071,97.9968454258675
4696028862,27,1.7724288840262583
46962454,243,11.8408229561451
4700009263,106,5.698924731182795
470169727,11,1.5348837209302324
471736195,25,1.3448894202032278
47249807,92,6.699029126213593
4725045823,31,2.270138323840521
472754614,513,25.494202098288238
47276646,5,0.3416856492027335
4730276121,632,45.5404323458767
473353259,185,17.731629392971247
474107808,17,1.4420358152686144
4741254622,19,2.642967542503864
4754558112,14,2.3161764705882355
47556706,151,13.768996960486321
4756335499,12,1.6744186046511627
4756579490,93,4.9438865918487895
476302158,84,5.297827610371408
4763097196,124,6.36259977194983
4764483808,38,2.4693140794223827
4779542595,313,29.904458598726116
478953457,19,1.3701923076923077
4789831174,89,6.243180046765393
47910775,40,6.338028169014085
48058862,185,15.648496240601503
4810597002,3,0.3976435935198822
4819411930,494,24.837988826815643
482236550,28,4.1042345276872965
482449638,27,2.855464159811986
4825604960,482,24.536199095022624
4826000999,26,6.8023255813953485
4833885833,467,31.986301369863014
483415002,141,9.548532731376975
483435687,52,9.176470588235293
484051464,195,10.688185140073083
48436817,3,1.2328767123287672
4845568615,20,2.4096385542168672
4847234517,49,6.5625
4851320217,32,3.0901287553648067
485216265,18,2.8980322003577816
485272452,41,2.104962920707359
4852866025,167,9.254926108374384
485478006,145,20.68145800316957
4855527203,360,32.497492477432296
4857228651,27,1.889580093312597
4857544703,7,1.1130742049469964
4860153878,176,13.09090909090909
4860432584,31,12.4
4861931665,263,13.327702702702702
4862125830,13,1.3829787234042552
4864814308,13,3.6
4867521581,25,1.5991471215351813
487624421,231,11.035031847133757
48765734,471,52.076167076167074
487905477,70,3.7611940298507465
4880173991,170,15.40785498489426
48827977,43,3.2009925558312653
4889949293,140,28.832951945080094
4890404560,230,81.49606299212599
4894137509,3,3.0
4894497017,39,3.9043381535038932
489879506,160,17.51824817518248
4900760715,14,2.311926605504587
4903776658,71,14.013157894736842
490885696,150,7.207688200747464
490993597,17,1.1796453353893601
491540408,210,11.969601013299556
493731056,31,2.527173913043478
494442510,48,3.920145190562614
494520666,31,2.271986970684039
495174032,136,9.760765550239235
495400444,247,20.659851301115243
49721957,30,1.4941892639734364
49781291,89,8.95973154362416
498032244,8,2.142857142857143
498058837,118,10.759878419452887
49811943,52,9.894291754756871
498181488,49,3.216630196936543
498328489,65,6.243329775880469
49859700,433,20.739755188930282
498831921,66,5.409836065573771
49948025,35,1.7756482525366402
50060846,188,10.736040609137055
50146614,9,1.646341463414634
50155785,1,1.0
506824672,154,8.1195079086116
50752538,224,16.484055600981193
50960380,9,1.9377990430622007
509702959,29,4.431239388794567
511250832,28,2.30980751604033
51256734,31,2.8353658536585367
51960241,33,3.7452711223203026
521251403,93,10.827943078913325
52165177,441,29.93212669683258
52296514,69,10.016129032258064
523596359,82,4.385026737967914
52425809,133,10.0
524882602,292,15.936931473620376
526844085,19,1.7395727365208544
527406675,107,11.25
52836631,213,14.86046511627907
528447690,175,12.295081967213115
529568297,47,6.068866571018652
529609629,117,10.18375241779497
52993629,143,8.528827037773361
530853470,76,4.464751958224543
530938788,54,2.9688454489920586
53123406,15,1.4106583072100314
531487196,17,2.593220338983051
53170893,114,6.1807228915662655
533474501,52,5.473684210526316
534831155,12,1.1501597444089458
535775035,46,3.1603053435114505
536675390,48,2.5883762732174955
536980016,117,5.833795013850415
539631888,33,3.92338177014531
53974188,26,2.1828358208955225
53999115,7,1.5829145728643215
540149476,347,14.964063248682319
54078730,69,3.5607798165137616
541023270,65,3.5326086956521743
54232838,99,8.68421052631579
542359618,113,11.375838926174497
544833381,578,28.535381239714756
547367712,18,2.216142270861833
547860021,7,0.9
548736823,141,14.602991944764097
55033143,28,4.548736462093863
551056429,5,2.132701421800948
551113551,39,2.9897785349233392
552223645,49,2.9676985195154777
55301881,144,7.755834829443447
553099530,156,16.19377162629758
553184057,404,21.73341303048416
553348032,27,4.5167286245353155
55348381,389,25.837638376383765
553572710,61,6.582733812949639
554911750,252,11.974656810982049
555167290,4,0.29532403609515995
555637171,31,3.3373205741626792
557335047,74,3.5787211176786675
557415287,41,4.063876651982379
55845169,3,0.2967032967032967
558675103,58,4.030888030888031
559262276,158,7.961926091825307
560230584,9,0.8367768595041322
560855353,25,1.7660910518053377
562802192,238,12.163543441226576
563654901,12,1.0832497492477433
56432997,86,9.336550060313632
564397465,21,1.826086956521739
564646679,9,1.6103379721669981
566687021,21,1.1827284105131413
567380057,675,33.71254162042175
568661926,138,8.064935064935066
568742199,87,5.326530612244898
56891919,100,6.756756756756756
568975445,37,5.379644588045234
569839774,27,3.384401114206128
571859494,5,1.300578034682081
572477360,979,44.81688708036622
5725722,26,3.4110787172011663
57460636,68,4.707692307692308
574894484,54,4.347048300536673
575747262,75,24.107142857142858
577908655,40,2.0168067226890756
578062603,13,1.9565217391304346
578586335,32,1.5737704918032789
57922544,22,3.14785373608903
582887424,44,13.026315789473685
58539509,81,4.494451294697904
585793636,64,4.816053511705685
586083806,12,1.592920353982301
588985167,939,119.36440677966102
589040127,68,4.567164179104478
589603276,420,19.09090909090909
592432071,203,19.171038824763905
592708478,125,47.66949152542373
594169864,90,6.5375302663438255
5943512,1273,63.89849414389292
595255623,1119,56.199776785714285
595875372,66,6.651735722284434
59596937,243,11.8408229561451
597148844,30,1.592920353982301
59873923,206,19.074074074074073
600251551,191,10.04675628287551
601141416,29,1.505190311418685
60134018,7,0.7544910179640718
601528560,23,2.96137339055794
601690137,13,1.2277019937040923
603116542,55,4.202037351443124
605888765,9,0.6382978723404256
606686478,105,9.662576687116564
607535485,115,6.681730148482892
60755693,32,3.2690124858115777
610236995,21,1.9504643962848296
611010956,109,4.86848635235732
612721636,81,4.007696536558549
613046549,19,1.438183347350715
61313053,53,2.305461575640406
613927156,37,1.7156105100463679
614700406,38,2.5128581925055107
615455540,151,18.168449197860962
615489370,89,7.242314647377938
615729016,14,1.0843373493975903
61960873,909,54.35880398671097
61973136,98,10.267753201396973
61975002,257,12.91457286432161
620400573,12,1.0650887573964496
620826003,209,13.026315789473685
622938697,17,2.240117130307467
623764078,127,9.930495221546481
62547514,9,2.1891891891891895
626411427,106,7.674979887369267
627812342,14,2.8062360801781736
62796666,117,11.049317943336831
62810188,39,4.895397489539749
628606998,18,1.7589576547231272
628613273,29,2.017001545595054
628805928,192,14.731457800511508
629745004,25,7.425742574257426
630113,48,2.0483641536273116
63024397,33,2.4853556485355646
630365267,34,3.505154639175258
630719309,5,1.0321100917431194
631013224,30,2.4612579762989975
631360024,107,8.323249783923941
631575473,41,2.00434546442151
632530379,100,4.6875
633661565,42,2.361024359775141
637114901,9,1.1654676258992807
637139609,328,16.565656565656564
6378712,96,27.169811320754718
63913384,112,6.199261992619927
63918678,322,15.172774869109949
650223,80,6.7478912839737575
65180784,314,15.177228786251343
6564062,60,3.6314727639542705
65679214,8,1.1338582677165354
65743317,13,1.0437109723461195
6582382,93,5.294117647058823
65845690,6,0.4205607476635514
66456914,300,19.693654266958426
66979514,2,0.25531914893617025
66996670,106,8.16082121471343
67139353,7,1.1977186311787074
67406406,68,3.056943056943057
67580515,42,8.129032258064516
68064587,21,1.4765625
68177164,14,1.7923186344238977
68437379,1270,63.464741810105494
695970577350336514,6,0.903010033444816
698977350030135303,9,0.5724381625441697
699677957959376897,31,4.318885448916409
70055947,45,2.8969957081545066
700606732465106944,49,4.541709577754892
701650239543975936,18,1.95416164053076
701789387,130,15.517241379310343
702059911,100,12.91248206599713
702508407379505152,121,8.048780487804878
702597596179595268,65,7.423857868020304
702828364105654272,128,12.8
70291332,354,19.367781155015198
703288398782435328,26,5.330296127562642
703385410777583616,37,2.642857142857143
703510362012966913,28,4.556962025316455
703808018807459842,129,18.226059654631083
704120290905821184,135,13.651685393258427
704144395298156545,132,15.776892430278883
704846219030335488,979,50.754608294930875
705095242211524608,3,1.8620689655172413
705846223,199,16.629526462395543
705902519868907521,527,29.33209647495362
706258631860363267,20,3.409090909090909
706513455327608834,36,5.3731343283582085
707042688,190,8.115804461319412
707365221229146112,17,7.5
707395710480748544,42,34.67889908256881
708005461,163,7.401614530776993
708134388416925696,18,2.583732057416268
709155364588154880,34,2.9536679536679538
709414893515051008,4,4.0
71001197,79,4.537332482450543
710041666351136768,58,5.3538461538461535
710808364310269952,565,55.69550930996714
711373433406291969,162,55.862068965517246
711532134,5,2.710843373493976
71162395,9,1.4835164835164836
712452199,21,2.0170757737459977
713092364,425,23.238153098420415
71313340,11,1.13013698630137
713160696284913664,93,11.592797783933518
713408908627456002,37,2.444933920704846
714308670364856323,122,11.831896551724137
714397475986087936,162,14.9079754601227
714917431446265861,16,1.6438356164383563
715372727050248192,516,28.826815642458104
715766964954783744,63,6.940024479804162
716031965611343872,5,0.75
716071970425581571,21,4.13566739606127
717038554069733376,8,1.6861826697892273
717148272972931072,29,8.847457627118644
717446375479373825,93,8.303571428571429
717762134684385282,4,0.6936416184971098
717961016391376899,107,6.772151898734177
717983948777721857,48,5.413533834586466
718397534,18,3.1578947368421053
718831474577956864,17,2.14586255259467
719254368,332,16.64623955431755
719693014336212993,46,2.948717948717949
720827059103076352,225,16.007905138339922
721123936940007425,34,1.9716494845360826
721455322489958400,69,7.811320754716981
721638187,5,0.6338028169014084
722232530217205760,57,5.054187192118226
722798056782094336,42,4.144736842105264
72309705,34,1.9101123595505618
723542948676169729,65,6.747404844290657
723971192135122944,52,4.44022770398482
724297113077575681,44,2.7848101265822782
72499331,1,1.0
725740070926454784,34,2.2700296735905043
725780791410737153,39,4.471337579617835
725825242719887360,281,29.683098591549296
726475884014780417,236,20.501930501930502
726802330956476417,380,90.0
727205743,75,8.511979823455233
727558548540956672,147,8.003629764065336
727725307,104,6.464088397790055
72802290,56,3.60773085182534
728224259324186624,7,0.9143686502177067
728297003814248448,105,9.833506763787721
729016518,77,7.8216704288939045
729045686,115,6.782437745740498
72979368,64,3.346891342242882
729801422,48,3.5121951219512195
730005030967742465,148,8.473282442748092
730305834295644160,22,6.666666666666667
730529643464380417,18,2.42152466367713
730941117298970624,92,7.702325581395349
732793037886246912,366,37.99307958477509
732908479342579712,112,13.125
73355957,158,16.968973747016705
734251231678365698,15,2.0642201834862384
735122430193111041,5,1.991150442477876
735462980427472897,350,20.792079207920793
736405340712013824,21,2.426187419768935
736937004122943488,21,4.478672985781991
737301118795927552,73,8.305941845764854
737774601946714114,49,5.471464019851116
738028388787445761,282,19.039759939984997
738380224065196032,7,4.315068493150685
738549738333720576,35,3.076171875
73861854,10,0.8152173913043478
739110185399164928,422,23.619402985074625
739203326,12,1.3012048192771086
739788594,71,6.983606557377049
740109936852619264,439,23.844296922148462
740530395331080192,20,1.2129380053908356
741374375509807105,28,1.675531914893617
74180039,219,22.945285215366706
741905577643773952,47,2.90521978021978
742687649526218753,213,19.074626865671643
74283107,49,3.9909502262443435
743069016151883777,27,1.49079754601227
743234785116590080,35,2.556818181818182
743251200947126272,10,0.7887817703768625
74329675,553,29.909855769230774
743350079457656832,232,51.1764705882353
74337877,403,18.93994778067885
743424895560781829,25,3.1468531468531467
743855088310099968,606,32.994555353901994
743874996410318848,7,0.9589041095890412
744502666047393792,2244,123.67421922841395
744631682339332101,315,18.40909090909091
74570982,165,8.519793459552496
746094399956758530,333,18.163636363636364
746403658762457089,67,6.597374179431073
746491377190506497,5,5.0
746684986925924353,39,3.5562310030395134
747276548881842176,14,2.2459893048128343
747286307076866053,44,3.08411214953271
747543857286496257,413,36.512770137524555
748598008095223808,10,0.9966777408637874
748722115478712320,10,0.9394572025052192
749418954,53,4.0664961636828645
749767869613867012,3,0.6994818652849741
749831628,39,4.029850746268657
750079999395323905,9,1.0188679245283019
750585319431471104,44,6.130030959752322
750809724803702784,41,3.4166666666666665
750910026106171392,130,10.209424083769633
750935652443779072,19,3.2264150943396226
751190227897683968,158,18.73517786561265
751327215556632576,57,4.460869565217391
751762776612220929,88,5.362220717670954
75233559,2,1.956521739130435
752611722230374400,160,15.270413573700955
752626147,150,11.221945137157107
753127607051386881,7,5.575221238938053
753607825343950848,52,2.9341692789968654
754494523208720384,371,21.54193548387097
75493854,120,16.16766467065868
755168845283921920,111,14.251069900142653
75551388,67,3.6523319200484554
755580116860829696,147,15.638297872340425
755739793800265728,15,1.9622093023255813
7562042,112,24.114832535885167
756246387356950528,802,46.03316326530613
756341659886088192,1251,95.90289608177171
757032505,77,9.51923076923077
757573290718289920,17,1.8796068796068797
757818069137760256,34,2.87593984962406
757931908894384128,207,19.26577042399173
757935817,46,5.75
758241362,151,14.820065430752454
758446638,105,8.46016114592659
759141089349697536,36,11.1340206185567
759480055936364544,6,0.7941176470588236
759620031042826240,26,2.962025316455696
759756824232943616,695,45.326086956521735
759924561626357760,68,9.34351145038168
760040815,14,0.9217264081931237
760111748041105409,33,2.967032967032967
760553294385340416,96,6.4
761186980940185600,299,30.51020408163265
761478210936680448,69,4.740458015267175
762141236270628865,100,7.506255212677231
762781910539972610,949,157.00367647058823
762846831474683905,13,2.8676470588235294
763009120534351873,89,6.702928870292887
763212753762865153,41,3.451824134705332
763375106,102,4.901227976508276
763460695140827137,86,8.496158068057081
76384845,79,9.045801526717558
764050065191215104,113,6.721744877726372
764437567345397760,31,3.6662286465177396
765058520547024896,357,22.173913043478258
765170976841609217,261,16.177685950413224
765559272,11,1.153846153846154
766045746181378050,57,10.26
766301851176361984,21,2.321867321867322
766775375598845953,15,2.04855842185129
767374983324700672,42,2.589041095890411
767483773218754561,208,12.513368983957218
767489653,104,15.244299674267102
768427898537668608,66,11.082089552238806
768658770218156032,180,23.718887262079065
76876732,39,5.07959479015919
768850723685670912,7,0.8076923076923077
769126157879042048,314,27.543859649122805
769385103633985536,18,2.351233671988389
769405877023600640,30,3.0998851894374284
769728642,16,2.155688622754491
769813054670381056,42,2.6903914590747333
770251766696992769,4,4.0
770434693,49,15.806451612903226
770465293642719232,26,5.518867924528302
771197469820526593,106,8.023549201009251
772244083104505856,33,2.183823529411765
772530566956810246,53,4.927685950413223
773941769373376513,31,3.5050251256281406
774821233577762816,29,3.246268656716418
775122322298540032,169,10.133244503664224
775373945734176768,21,5.264623955431754
775898636500758529,541,35.00359453630482
776152455847505920,21,1.3897058823529411
77647774,349,14.494693124134747
776500812046536704,35,2.3827534039334344
776525182710185984,250,14.572538860103627
776678310512164864,2,2.0
776918199409471488,1117,77.39030023094688
777587817002053632,429,42.66298342541437
777613093287370752,573,36.012569832402235
777625279,5,0.45226130653266333
777693862487740416,35,3.727810650887574
77848069,147,9.049247606019152
779291162964291585,18,2.2222222222222223
779824741997764612,237,22.01238390092879
779851200984416257,24,3.2047477744807122
779869106514251776,28,1.8708240534521159
780145890271125504,15,2.142857142857143
780149439109402626,205,13.686943620178042
781085501809762308,27,4.043261231281198
781221685970305025,197,12.866473149492016
781333522195808256,553,51.09856262833675
782328790957588480,28,3.795180722891566
783153455640698884,88,5.9638554216867465
783296307054022656,27,2.279549718574109
783419852623052800,35,5.555555555555555
783569435063750656,48,40.75471698113208
783612697,5,0.5154639175257733
783883141,116,6.436498150431566
78444285,182,27.715736040609137
784529355875704837,91,5.640495867768595
785235294060544000,335,26.681415929203542
785275956932075520,30,1.8036072144288577
787048553122111488,61,32.10526315789474
787819598,104,5.3151618398637135
788063753145163776,53,16.914893617021278
788153953108107264,12,1.9389587073608616
788476161407918080,15,1.8120805369127515
788812952467939328,2,2.0
789085686653521920,4,4.0
789573378013335554,8,1.0
789928683226091520,21,1.7435424354243543
789989887,13,1.902439024390244
79000969,109,19.858299595141702
790562364,31,1.7339962709757615
790751239688458240,79,7.35263702171665
790844603599429633,41,4.207525655644242
790909366794719232,83,5.562174236783321
790993424,231,10.585539714867616
791230008,9,1.0843373493975903
791451956338458625,349,20.596721311475413
792876297986998273,406,24.05529953917051
793002462,18,1.021437578814628
79319128,344,18.0209545983702
793681446024077312,47,4.958968347010551
793974309974904832,89,6.834470989761092
794511891183861760,8,2.2153846153846155
794680793612296192,28,4.615384615384616
795553194063564800,25,2.522421524663677
795699540246597636,85,25.67114093959732
795716565249433601,28,2.6277372262773726
796085537555759104,8,2.4080267558528425
796121605,25,8.620689655172415
797828614989430784,124,11.528925619834709
798261020561207296,514,94.02439024390243
798573807464161280,15,2.119309262166405
798716905297235968,98,8.174235403151066
799276352260153344,100,15.463917525773196
800520136910245888,159,18.488372093023255
800588096,11,10.3125
800731052931067905,27,2.3120837297811607
800745467801804800,31,2.6420454545454546
800835546092371968,14,1.0310965630114566
801038539240722432,961,66.37759017651574
801106059419127809,283,19.472477064220183
801339683926081536,74,4.55228981544771
801632583410917377,47,5.974576271186441
801676134668730370,13,1.7105263157894737
802123015,21,1.9708029197080292
802435561088831488,241,17.82251437962202
802437110707916800,56,9.824561403508772
802929861304221696,110,7.983870967741935
803458028049760256,98,11.395348837209303
803582798,671,42.890625
803854923762958340,26,1.7633760361718163
804235671783215104,7,1.0210696920583469
804400019197394945,77,5.140949554896142
804449006533283840,84,5.855925639039504
805992535688679424,51,5.7018633540372665
806123649350647808,9,1.8367346938775508
807076050907721728,5,3.040540540540541
807394085619105792,19,1.4039408866995073
807957491036385280,9,1.3278688524590163
809108111302787072,1,1.0
809169535,165,8.092643051771118
809231102435094529,11,0.7722308892355695
811667137064374274,228,14.709677419354838
811868928,9,1.1440677966101696
811929902924578816,58,6.206896551724138
812414271812468737,121,11.238390092879255
812692781260881920,6,0.6467065868263473
813089362640601090,35,5.163934426229508
813172419410219009,54,6.666666666666667
81358312,190,9.924550203134068
813807716351283201,52,4.56140350877193
814560111419150337,1009,62.11354309165527
814834795276595201,124,62.3463687150838
815066647,15,2.2058823529411766
815478353377562624,17,1.0736842105263158
815590266,482,21.77710843373494
815749174847213568,22,2.769230769230769
815997307678326788,77,7.287066246056782
816311756880564224,37,21.623376623376625
817037845,192,19.221357063403783
817043757430374404,59,5.278330019880716
81735779,46,2.5539790252930286
817655354268012544,108,6.712707182320442
817829660922810369,14,2.02572347266881
817953621522292736,5,1.480263157894737
818025493,3,1.1842105263157896
818067545282510850,107,10.993150684931507
818270105293438976,27,1.8202247191011236
818444543595073538,55,7.5
81857276,43,3.025801407349492
819287524132667402,53,13.068493150684931
819628854335705088,117,15.834586466165412
820031324278951937,361,24.483798040693294
82056281,25,1.33769322235434
820646804723273730,10,1.6697588126159555
820756122,19,2.1321695760598502
821567379650056193,25,14.331210191082802
821788653865365505,244,35.53398058252427
893546935835140097,1,1.0
893970281202462720,6,0.8809135399673736
894240945226604544,12,1.1600429645542427
896297874371235840,37,3.4294541709577753
896625923499343872,102,9.207622868605817
897379025550581764,8,1.0827067669172932
89750080,45,2.183288409703504
898054954660900865,463,34.044117647058826
898078888760365056,23,2.1252566735112937
898215374520537088,7,0.8513513513513514
898329227623190528,47,5.957746478873239
898848703,126,7.026022304832714
899085858,33,3.788265306122449
899379765567795201,59,8.045454545454545
901204704,164,13.755824790307548
901541130554277893,43,3.7978410206084394
902268019,50,4.025044722719141
902544186,17,1.4739884393063585
902601629823901696,16,2.5174825174825175
902929740041822210,16,3.923705722070845
903031482,12,1.381074168797954
903417997066248193,20,4.5
903719051368812544,240,30.422535211267604
904136030189744128,172,24.688995215311003
904155763580575744,125,9.509721048182588
904176195369041920,9,3.24
904838999688134657,11,11.0
905896907515494400,9,1.4361702127659575
906063916442284036,95,13.401253918495298
906757622,11,1.2595419847328246
906844605957722112,10,1.0817307692307694
907101877896015872,118,13.77431906614786
907237309988442112,124,14.53125
907734912,299,13.971962616822431
908161626519388160,22,3.516873889875666
908668114216271873,3,2.16
909117632816828417,328,29.05511811023622
909335313356591104,32,3.178807947019868
909422422725718016,445,52.35294117647059
909438511543128064,30,15.789473684210527
910575342133248001,10,1.7964071856287427
910598137454219265,15,2.727272727272727
91154385,14,1.842105263157895
912281251783909376,32,3.4204275534441804
912834973400489984,171,20.065189048239898
913117409476833280,322,27.54752851711027
913334030,15,1.6324062877871828
913544791257907201,6,6.0
913561454200094721,535,55.217889908256886
914387194533629953,66,5.3273542600896855
914784321147371520,83,9.880952380952381
914847434,96,5.790884718498659
914913261316968449,4,1.0975609756097562
916318432437600256,70,5.526315789473684
917062498192326656,76,10.332326283987916
917160867283660800,398,81.78082191780823
917356768140898304,91,8.593913955928647
917437079310696448,121,50.88785046728972
917743930581700608,10,1.5
917941830410530818,17,9.935064935064936
918651991,13,0.9489051094890512
919064742,8,0.9302325581395349
919453853782872064,91,8.980263157894738
919492124739063808,26,2.387755102040816
919646136264282114,13,2.554585152838428
920268836,106,7.923588039867109
92098965,36,3.4763948497854074
921570126645874689,70,9.197080291970803
921625314584813568,18,1.6839916839916842
921756235,1,1.0
921830894,77,6.057692307692308
921872798221344768,27,2.109375
922040940,8,2.039660056657224
922227260261912577,25,25.0
923918467048206336,4,3.0508474576271185
924225705151307776,74,6.318785578747629
924389232587804673,126,10.375114364135408
924820209546006529,7,1.4
925052232743116800,114,21.419624217118997
925242499299385346,123,14.048223350253807
925863586089619456,114,11.861271676300579
925965617227710464,22,2.8045325779036827
926531632005296129,19,3.026548672566372
927198659271430144,28,5.217391304347826
927305818789302273,140,57.79816513761468
927551794334461957,14,1.7142857142857144
927985744026783744,124,10.229147571035748
928700396188528640,78,6.284691136974037
929530212672462848,32,3.03477344573235
929767550619213825,282,29.858823529411765
929874577181892608,15,1.1862917398945518
930224234089078784,108,15.527156549520766
930790902,45,6.2021439509954055
930876638,50,6.4935064935064934
931108118766989312,648,51.247803163444644
931851284,811,71.00194552529183
932327757115207681,51,4.940796555435952
933109895880232961,179,23.314037626628075
933523471384109057,37,3.33
933711591635345408,169,15.074331020812687
934453745508868102,54,5.110410094637224
935536754899214337,73,73.0
935640655925334016,27,4.3238434163701065
93567801,234,25.10131108462455
935987532935847936,360,39.46406820950061
936306577438642176,14,2.1724137931034484
936546826286637063,137,12.280876494023905
936567880094687232,159,13.786127167630058
937723233809453057,29,2.6632653061224487
937882722760036352,27,2.9490291262135924
937927172928561154,151,13.95277207392197
937945442,109,6.845778087927425
938896181924474881,1,1.0
940325530909294593,78,9.777158774373259
940472921893502976,347,41.47410358565737
941621,58,5.321100917431193
941728044573589504,485,56.762028608582575
94174036,74,4.936990363232024
942197893292806144,322,27.033582089552237
943424985888063489,20,5.187319884726224
943471151245819904,37,4.644351464435147
943967059339300864,2,2.0
94401216,2,2.0
94419931,54,5.412026726057906
944338608546234368,13,7.548387096774193
94438104,1,1.0
944552312281866242,10,4.891304347826087
944628589,45,3.6784741144414173
945694889806848001,62,23.445378151260506
94660353,165,8.30072666294019
946728872036278273,35,4.474431818181818
946773897357094912,16,1.7412333736396615
946880668478459904,30,4.103343465045593
94710239,28,1.7050067658998649
947523887289589760,118,13.918741808650065
948078076050542592,280,23.055809698078683
948145388338515968,217,127.64705882352942
948916178516430848,18,1.5976331360946745
949139697132912640,54,4.650717703349282
949148888627228672,15,2.33160621761658
949201664195678208,134,12.432989690721648
949474101340536832,11,1.270860077021823
949552674822852608,102,11.403726708074533
949787823435059202,173,18.691476590636253
951115033,5,0.6320224719101123
951315930927136768,8,3.6548223350253806
951711005976903680,19,3.1902985074626864
951759839079759872,22,22.0
95245106,1,1.0
952781486,12,0.9278350515463918
952944336320258048,6,1.4099216710182767
953009786488057858,334,35.53191489361702
953741001591525377,11,1.3506139154160983
953830064021491713,94,9.591836734693876
954552260293484546,3,0.3840682788051209
954805504617758720,87,8.181818181818182
954811484,49,2.1649484536082473
95489255,126,6.910420475319927
954967927,37,2.072184194150591
954972540987846657,13,2.452830188679245
955012636588068864,14,1.3390010626992561
95561534,31,4.115044247787611
956093472,4,4.0
956640865933578243,3,1.0714285714285714
956839339,19,1.168032786885246
956918965036568576,14,1.381578947368421
957257050458935296,28,2.8865979381443303
957623264511107073,36,4.456671251719395
957748263087681538,101,8.591682419659735
958218670416846848,189,24.334763948497855
958708111,18,2.192151556156969
958895025127088128,94,19.448275862068968
1070039128132194304,1,1.0
827791588126552064,1,1.0
985604257901633536,1,1.0
